filename,sku,extension,gallery_order,source_path,source_git_blob_sha1,source_size_bytes,sha256,storage_bucket,storage_path,destination_size_bytes,status,public_url
G-CHV-ABO-01_REMIX.webp,G-CHV-ABO-01,.webp,1,public/images/products/remix/G-CHV-ABO-01_REMIX.webp,60aa9fe6244727b2faa50db4fbfd4ba375c57b88,103972,3580500162422ef67ee2ba58b6ffa4942cfdc0f7c28dde6ce1243d1aeea40448,product-media,G-CHV-ABO-01/G-CHV-ABO-01_REMIX.webp,103972,verified,https://tbffwwjqkusiupahjqux.supabase.co/storage/v1/object/public/product-media/G-CHV-ABO-01/G-CHV-ABO-01_REMIX.webp
G-CHV-ALI-01_REMIX.png,G-CHV-ALI-01,.png,1,public/images/products/remix/G-CHV-ALI-01_REMIX.png,27474133259531f3a83f438034fc700089b796f0,1626489,999a892000e436bc3b0ac9d1f37c73503263461f161ca0636d4628cce62521dc,product-media,G-CHV-ALI-01/G-CHV-ALI-01_REMIX.png,1626489,verified,https://tbffwwjqkusiupahjqux.supabase.co/storage/v1/object/public/product-media/G-CHV-ALI-01/G-CHV-ALI-01_REMIX.png
G-CHV-BLO-01_REMIX.png,G-CHV-BLO-01,.png,1,public/images/products/remix/G-CHV-BLO-01_REMIX.png,998790106b3eec7e26a0cdda62c6f08bfc554187,1572356,045a23a25e6735b0a142c7d32b54dc3b5dde82f9d318db5305d006d6cdaa0cda,product-media,G-CHV-BLO-01/G-CHV-BLO-01_REMIX.png,1572356,verified,https://tbffwwjqkusiupahjqux.supabase.co/storage/v1/object/public/product-media/G-CHV-BLO-01/G-CHV-BLO-01_REMIX.png
G-CHV-CAV-01_REMIX.png,G-CHV-CAV-01,.png,1,public/images/products/remix/G-CHV-CAV-01_REMIX.png,eec9342205b6d765fe01c13605735cd93db44067,2039428,be94b981e6876ff54dc8c3520be99b8439ecd9e6a15982574e76c244b63f9d72,product-media,G-CHV-CAV-01/G-CHV-CAV-01_REMIX.png,2039428,verified,https://tbffwwjqkusiupahjqux.supabase.co/storage/v1/object/public/product-media/G-CHV-CAV-01/G-CHV-CAV-01_REMIX.png
G-CHV-CRA-01_REMIX.webp,G-CHV-CRA-01,.webp,1,public/images/products/remix/G-CHV-CRA-01_REMIX.webp,83c5cf485514366da017ee68104beff62f401d8f,93980,08672a9c8a2872c3a4209fdbfd3e69b835fc629ddd2b3e9f5e69b5817bd0dc6d,product-media,G-CHV-CRA-01/G-CHV-CRA-01_REMIX.webp,93980,verified,https://tbffwwjqkusiupahjqux.supabase.co/storage/v1/object/public/product-media/G-CHV-CRA-01/G-CHV-CRA-01_REMIX.webp
G-CHV-ESQ-01_REMIX.webp,G-CHV-ESQ-01,.webp,1,public/images/products/remix/G-CHV-ESQ-01_REMIX.webp,1954395249c52772d448a35758ad801a166e30c5,76662,45d3aec4002e7a71242f700a7a3ba938cba1b8e1a5fa315e367adb2b161f5596,product-media,G-CHV-ESQ-01/G-CHV-ESQ-01_REMIX.webp,76662,verified,https://tbffwwjqkusiupahjqux.supabase.co/storage/v1/object/public/product-media/G-CHV-ESQ-01/G-CHV-ESQ-01_REMIX.webp
G-CHV-ESQ-02_REMIX.webp,G-CHV-ESQ-02,.webp,1,public/images/products/remix/G-CHV-ESQ-02_REMIX.webp,10d05cd2d787b33d9aa9f3183391a381f3a16310,90164,ce4a221ea57debb276863539a9b2af94e7347c0cb1fa238af38d19df297c6768,product-media,G-CHV-ESQ-02/G-CHV-ESQ-02_REMIX.webp,90164,verified,https://tbffwwjqkusiupahjqux.supabase.co/storage/v1/object/public/product-media/G-CHV-ESQ-02/G-CHV-ESQ-02_REMIX.webp
G-CHV-FAN-01_REMIX.webp,G-CHV-FAN-01,.webp,1,public/images/products/remix/G-CHV-FAN-01_REMIX.webp,ef05bccd9dd88fb93d8f30a39856a7c92b31e2b4,104496,5fd3ce3a6ac49beb847114152041e0ed94e64ed39f0a9c3fdf1077c6ecc8f499,product-media,G-CHV-FAN-01/G-CHV-FAN-01_REMIX.webp,104496,verified,https://tbffwwjqkusiupahjqux.supabase.co/storage/v1/object/public/product-media/G-CHV-FAN-01/G-CHV-FAN-01_REMIX.webp
G-CHV-FAN-02_REMIX.webp,G-CHV-FAN-02,.webp,1,public/images/products/remix/G-CHV-FAN-02_REMIX.webp,ab9c5d142299720279538b59a08efafa3b206e84,131582,193ad578a48cc106fb8d43a63481d75959e4023e49fc2d21d7b7beb7866b5152,product-media,G-CHV-FAN-02/G-CHV-FAN-02_REMIX.webp,131582,verified,https://tbffwwjqkusiupahjqux.supabase.co/storage/v1/object/public/product-media/G-CHV-FAN-02/G-CHV-FAN-02_REMIX.webp
G-CHV-FAN-03_REMIX.webp,G-CHV-FAN-03,.webp,1,public/images/products/remix/G-CHV-FAN-03_REMIX.webp,74555f7a0efb279aef799764ba961deb5269cf57,110564,47fdf0609f5c290c2a487c8fc681e05705172fd6a69715878f4aaa81e1270b87,product-media,G-CHV-FAN-03/G-CHV-FAN-03_REMIX.webp,110564,verified,https://tbffwwjqkusiupahjqux.supabase.co/storage/v1/object/public/product-media/G-CHV-FAN-03/G-CHV-FAN-03_REMIX.webp
G-CHV-GAT-01_REMIX.png,G-CHV-GAT-01,.png,1,public/images/products/remix/G-CHV-GAT-01_REMIX.png,13246698606a465bc1bb574a93f753395cce0510,1813792,6e48e28dbf2a830c2a9283099fc04483a73bc41b95e00c4210b5ef3d5471d8b1,product-media,G-CHV-GAT-01/G-CHV-GAT-01_REMIX.png,1813792,verified,https://tbffwwjqkusiupahjqux.supabase.co/storage/v1/object/public/product-media/G-CHV-GAT-01/G-CHV-GAT-01_REMIX.png
G-CHV-JJ-01_REMIX.webp,G-CHV-JJ-01,.webp,1,public/images/products/remix/G-CHV-JJ-01_REMIX.webp,a517ec395479a8a12a8cffe50125ebbad60ecdb2,158950,1bb5ad40183aca13a87f3e1df1f7c0dfc192a402897823695dc9e93a1faca1d1,product-media,G-CHV-JJ-01/G-CHV-JJ-01_REMIX.webp,158950,verified,https://tbffwwjqkusiupahjqux.supabase.co/storage/v1/object/public/product-media/G-CHV-JJ-01/G-CHV-JJ-01_REMIX.webp
G-CHV-JJ-01_REMIX_02.webp,G-CHV-JJ-01,.webp,2,public/images/products/remix/G-CHV-JJ-01_REMIX_02.webp,0f7797ebef2ad9f68c3c0f1dc46cb5cb09504433,253410,26545852657cd20337d884b14efd7e0474dcbdad8864aaa186d85f69e917cfdc,product-media,G-CHV-JJ-01/G-CHV-JJ-01_REMIX_02.webp,253410,verified,https://tbffwwjqkusiupahjqux.supabase.co/storage/v1/object/public/product-media/G-CHV-JJ-01/G-CHV-JJ-01_REMIX_02.webp
G-CHV-JJ-01_REMIX_03.webp,G-CHV-JJ-01,.webp,3,public/images/products/remix/G-CHV-JJ-01_REMIX_03.webp,49776b92b9ca09489be5df9b6c0ae5a9f8ab9baa,191960,24de0912729acb43c169188b83bd1403452290acfb986caf5c8810dd12f21a72,product-media,G-CHV-JJ-01/G-CHV-JJ-01_REMIX_03.webp,191960,verified,https://tbffwwjqkusiupahjqux.supabase.co/storage/v1/object/public/product-media/G-CHV-JJ-01/G-CHV-JJ-01_REMIX_03.webp
G-CHV-LOB-01_REMIX.webp,G-CHV-LOB-01,.webp,1,public/images/products/remix/G-CHV-LOB-01_REMIX.webp,9a49b2dd9ee42ba9d965ab4310301adeedc801c9,166478,a9df116a958c65ddc84a2d723706e877f7ddf103898126e50e364bdeeb5b65a1,product-media,G-CHV-LOB-01/G-CHV-LOB-01_REMIX.webp,166478,verified,https://tbffwwjqkusiupahjqux.supabase.co/storage/v1/object/public/product-media/G-CHV-LOB-01/G-CHV-LOB-01_REMIX.webp
G-CHV-MAO-01_REMIX.png,G-CHV-MAO-01,.png,1,public/images/products/remix/G-CHV-MAO-01_REMIX.png,4b6422a9b10a0b57c14105860d933da88e41bc0a,1715392,740200f41f3c8fab94593f3e2d844437c661daacbcccb2032c49f5a274c0ad8c,product-media,G-CHV-MAO-01/G-CHV-MAO-01_REMIX.png,1715392,verified,https://tbffwwjqkusiupahjqux.supabase.co/storage/v1/object/public/product-media/G-CHV-MAO-01/G-CHV-MAO-01_REMIX.png
G-CHV-MAS-01_REMIX.png,G-CHV-MAS-01,.png,1,public/images/products/remix/G-CHV-MAS-01_REMIX.png,df67333c852449513b7094809e16e2acff80dfd2,1994840,7a8afc92a6519f8b2ad61f761ccc2e3b5202ef9b05bc397f55e1682262b982d4,product-media,G-CHV-MAS-01/G-CHV-MAS-01_REMIX.png,1994840,verified,https://tbffwwjqkusiupahjqux.supabase.co/storage/v1/object/public/product-media/G-CHV-MAS-01/G-CHV-MAS-01_REMIX.png
G-CHV-MAS-02_REMIX.png,G-CHV-MAS-02,.png,1,public/images/products/remix/G-CHV-MAS-02_REMIX.png,61aa66ca62d9b7e6a923627be3632f8e8c7fac81,1756537,c9a547547f56e465f0a9cb3c7879aa04b1f4fc4b4555c2338c1ee419f2547d77,product-media,G-CHV-MAS-02/G-CHV-MAS-02_REMIX.png,1756537,verified,https://tbffwwjqkusiupahjqux.supabase.co/storage/v1/object/public/product-media/G-CHV-MAS-02/G-CHV-MAS-02_REMIX.png
G-CHV-MED-01_REMIX.webp,G-CHV-MED-01,.webp,1,public/images/products/remix/G-CHV-MED-01_REMIX.webp,98ddb9326a7961e1564d4656875ba16bebb41afc,99190,b1f7700c6f809e552c045ed54b1f33311feec78783236b026a9fbc958e35ecae,product-media,G-CHV-MED-01/G-CHV-MED-01_REMIX.webp,99190,verified,https://tbffwwjqkusiupahjqux.supabase.co/storage/v1/object/public/product-media/G-CHV-MED-01/G-CHV-MED-01_REMIX.webp
G-CHV-MON-01_REMIX.png,G-CHV-MON-01,.png,1,public/images/products/remix/G-CHV-MON-01_REMIX.png,c2a7555ebb44daa0ce708d72846a35da1ef98d68,2187272,b644fce63ba33c0ef1fca996590aa9479ad32f83303fc36695a29b35adfe1f10,product-media,G-CHV-MON-01/G-CHV-MON-01_REMIX.png,2187272,verified,https://tbffwwjqkusiupahjqux.supabase.co/storage/v1/object/public/product-media/G-CHV-MON-01/G-CHV-MON-01_REMIX.png
G-CHV-MUM-01_REMIX.png,G-CHV-MUM-01,.png,1,public/images/products/remix/G-CHV-MUM-01_REMIX.png,14e0fc76593c9e694c9dbf5ff749c99bebfe18a6,1788364,2156e53cea22a08524782acbc3de27fc3b034ea57814caad0441c0ab67fc04b9,product-media,G-CHV-MUM-01/G-CHV-MUM-01_REMIX.png,1788364,verified,https://tbffwwjqkusiupahjqux.supabase.co/storage/v1/object/public/product-media/G-CHV-MUM-01/G-CHV-MUM-01_REMIX.png
G-CHV-MUM-02_REMIX.webp,G-CHV-MUM-02,.webp,1,public/images/products/remix/G-CHV-MUM-02_REMIX.webp,3fdafe6d12d79039f53138986369a29a2dc97cc7,124136,672d83839c1e745ca4f2ea9144d96765888f6e097dd7b77e797bc667bf812a2f,product-media,G-CHV-MUM-02/G-CHV-MUM-02_REMIX.webp,124136,verified,https://tbffwwjqkusiupahjqux.supabase.co/storage/v1/object/public/product-media/G-CHV-MUM-02/G-CHV-MUM-02_REMIX.webp
G-CHV-PAL-01_REMIX.png,G-CHV-PAL-01,.png,1,public/images/products/remix/G-CHV-PAL-01_REMIX.png,98eed6f3d981aca92f6cfcf4d6425ad99ced4710,1875564,a6706ce9f77c90c1fbe5e846e9fd49fd35820c0d48d85303472b744d60fbb456,product-media,G-CHV-PAL-01/G-CHV-PAL-01_REMIX.png,1875564,verified,https://tbffwwjqkusiupahjqux.supabase.co/storage/v1/object/public/product-media/G-CHV-PAL-01/G-CHV-PAL-01_REMIX.png
G-CHV-POL-01_REMIX.png,G-CHV-POL-01,.png,1,public/images/products/remix/G-CHV-POL-01_REMIX.png,a0449e0313f4ec2c4dfeaef7d844748d2f7d5224,1807589,ddc938cea524209b1bb15e84cf375a14e276ac20aa03debec7e7fd1f3c89500f,product-media,G-CHV-POL-01/G-CHV-POL-01_REMIX.png,1807589,verified,https://tbffwwjqkusiupahjqux.supabase.co/storage/v1/object/public/product-media/G-CHV-POL-01/G-CHV-POL-01_REMIX.png
G-ORG-HS-01_REMIX.webp,G-ORG-HS-01,.webp,1,public/images/products/remix/G-ORG-HS-01_REMIX.webp,6a71ee1b1c96d8649de2a13150dae6a5f1d21623,64366,b59f4fd063b60701da0300d9293f624a7c068b4c25624493aef9a1938a490d7c,product-media,G-ORG-HS-01/G-ORG-HS-01_REMIX.webp,64366,verified,https://tbffwwjqkusiupahjqux.supabase.co/storage/v1/object/public/product-media/G-ORG-HS-01/G-ORG-HS-01_REMIX.webp
G-ORG-HS-01_REMIX_02.webp,G-ORG-HS-01,.webp,2,public/images/products/remix/G-ORG-HS-01_REMIX_02.webp,cb559ca8c6bcb842a2aad82bad0d5fa5f4c782f8,60164,833f58f653c3d8f0168bd7d8be733937f4723abf715a083b6d15a1152d70fb32,product-media,G-ORG-HS-01/G-ORG-HS-01_REMIX_02.webp,60164,verified,https://tbffwwjqkusiupahjqux.supabase.co/storage/v1/object/public/product-media/G-ORG-HS-01/G-ORG-HS-01_REMIX_02.webp
G-ORG-HS-01_REMIX_03.webp,G-ORG-HS-01,.webp,3,public/images/products/remix/G-ORG-HS-01_REMIX_03.webp,f713e0b4219b3bd1dfb16d3c48e4cf875c7fbe1e,64056,6a0e94c96aed08cf8e03bed59ec56308c3389e4d9322d2623a74080583b08374,product-media,G-ORG-HS-01/G-ORG-HS-01_REMIX_03.webp,64056,verified,https://tbffwwjqkusiupahjqux.supabase.co/storage/v1/object/public/product-media/G-ORG-HS-01/G-ORG-HS-01_REMIX_03.webp
G-ORG-RC-01_REMIX.webp,G-ORG-RC-01,.webp,1,public/images/products/remix/G-ORG-RC-01_REMIX.webp,ac5f56f8b7abb677e43cdd0f94d78ea445afa215,100488,6f8371cd645976b59c4b89bf82f41abf9a764698301489bcd309e1e1302e8a18,product-media,G-ORG-RC-01/G-ORG-RC-01_REMIX.webp,100488,verified,https://tbffwwjqkusiupahjqux.supabase.co/storage/v1/object/public/product-media/G-ORG-RC-01/G-ORG-RC-01_REMIX.webp
G-VAS-ESC-01_REMIX.webp,G-VAS-ESC-01,.webp,1,public/images/products/remix/G-VAS-ESC-01_REMIX.webp,1ef2dd4ce10661d6f3c7a5b48a3d5aac580e3861,141488,1761e66137144698c778a38f3f9cabcd95df79e962f88b1144a8c55ee05adb69,product-media,G-VAS-ESC-01/G-VAS-ESC-01_REMIX.webp,141488,verified,https://tbffwwjqkusiupahjqux.supabase.co/storage/v1/object/public/product-media/G-VAS-ESC-01/G-VAS-ESC-01_REMIX.webp
G-VAS-MIN-01_REMIX.webp,G-VAS-MIN-01,.webp,1,public/images/products/remix/G-VAS-MIN-01_REMIX.webp,a8feaf7cb0dfddf4a64896ba791b1073d8bc4610,176010,2c982c6c5bc2c46d632c361f6ad9860273b01224a4cb7bfe1b0ff376dbbd5704,product-media,G-VAS-MIN-01/G-VAS-MIN-01_REMIX.webp,176010,verified,https://tbffwwjqkusiupahjqux.supabase.co/storage/v1/object/public/product-media/G-VAS-MIN-01/G-VAS-MIN-01_REMIX.webp
S-HAL-DEC-01_REMIX.webp,S-HAL-DEC-01,.webp,1,public/images/products/remix/S-HAL-DEC-01_REMIX.webp,c732c6b7906f5c2bef06e6ef7ebd1d02949c8c0a,199540,328936d309c39d1568d3e67be0076c863b51d02365a0a4bb381db5604d7587e3,product-media,S-HAL-DEC-01/S-HAL-DEC-01_REMIX.webp,199540,verified,https://tbffwwjqkusiupahjqux.supabase.co/storage/v1/object/public/product-media/S-HAL-DEC-01/S-HAL-DEC-01_REMIX.webp
S-HAL-DEC-01_REMIX_02.webp,S-HAL-DEC-01,.webp,2,public/images/products/remix/S-HAL-DEC-01_REMIX_02.webp,5f8beae495c843c2098fba266590be75a22ff81a,197052,b3ee843ec5183627ca4a3720d30cd3a39b7c2b5b35d7d1800f4bfc467b4f91dc,product-media,S-HAL-DEC-01/S-HAL-DEC-01_REMIX_02.webp,197052,verified,https://tbffwwjqkusiupahjqux.supabase.co/storage/v1/object/public/product-media/S-HAL-DEC-01/S-HAL-DEC-01_REMIX_02.webp
S-HAL-DEC-01_REMIX_03.webp,S-HAL-DEC-01,.webp,3,public/images/products/remix/S-HAL-DEC-01_REMIX_03.webp,be3cee17d26dc92ed6613749018a1e0c34b95bcd,213548,a2023d9527f7bd8b40f534cf54670c0061d6baacb7de16bc46a69ae2a8669e43,product-media,S-HAL-DEC-01/S-HAL-DEC-01_REMIX_03.webp,213548,verified,https://tbffwwjqkusiupahjqux.supabase.co/storage/v1/object/public/product-media/S-HAL-DEC-01/S-HAL-DEC-01_REMIX_03.webp
S-HAL-DEC-01_REMIX_04.webp,S-HAL-DEC-01,.webp,4,public/images/products/remix/S-HAL-DEC-01_REMIX_04.webp,27c226374079c627534a7edbc81da664117de1d0,207462,ad2d590c91b1efeef7c8a154f2924d2902b6215fa38d5cbe9b38c0d797650386,product-media,S-HAL-DEC-01/S-HAL-DEC-01_REMIX_04.webp,207462,verified,https://tbffwwjqkusiupahjqux.supabase.co/storage/v1/object/public/product-media/S-HAL-DEC-01/S-HAL-DEC-01_REMIX_04.webp
S-NAT-PRE-01_REMIX.webp,S-NAT-PRE-01,.webp,1,public/images/products/remix/S-NAT-PRE-01_REMIX.webp,f3b23eddaf6808c3234085fdc78460e3fcdd57aa,173338,c17f68eabf8e9570cc7cec148f6782cb47dcefde5c0f6365bc93f6aaf7e618d9,product-media,S-NAT-PRE-01/S-NAT-PRE-01_REMIX.webp,173338,verified,https://tbffwwjqkusiupahjqux.supabase.co/storage/v1/object/public/product-media/S-NAT-PRE-01/S-NAT-PRE-01_REMIX.webp
S-NAT-PRE-01_REMIX_02.webp,S-NAT-PRE-01,.webp,2,public/images/products/remix/S-NAT-PRE-01_REMIX_02.webp,d2e97f1743055bb04bdbc222c91aad4e96bbf29f,241674,3025e8726aa3f7ed95a579a3be8d4331519d16034edbd1226e4874ce826abe9d,product-media,S-NAT-PRE-01/S-NAT-PRE-01_REMIX_02.webp,241674,verified,https://tbffwwjqkusiupahjqux.supabase.co/storage/v1/object/public/product-media/S-NAT-PRE-01/S-NAT-PRE-01_REMIX_02.webp
S-NAT-PRE-01_REMIX_03.webp,S-NAT-PRE-01,.webp,3,public/images/products/remix/S-NAT-PRE-01_REMIX_03.webp,39034a38f45b9b302ba9f4a25254276e5d16f94a,156918,10d8e2f4d8761f18384cba85b629df66a5d6dab7da12551d4400174f0b32f672,product-media,S-NAT-PRE-01/S-NAT-PRE-01_REMIX_03.webp,156918,verified,https://tbffwwjqkusiupahjqux.supabase.co/storage/v1/object/public/product-media/S-NAT-PRE-01/S-NAT-PRE-01_REMIX_03.webp
