filename,sku,extension,size_bytes,git_blob_sha1,gallery_order
G-CHV-ABO-01_REMIX.webp,G-CHV-ABO-01,.webp,103972,60aa9fe6244727b2faa50db4fbfd4ba375c57b88,1
G-CHV-ALI-01_REMIX.png,G-CHV-ALI-01,.png,1626489,27474133259531f3a83f438034fc700089b796f0,1
G-CHV-BLO-01_REMIX.png,G-CHV-BLO-01,.png,1572356,998790106b3eec7e26a0cdda62c6f08bfc554187,1
G-CHV-CAV-01_REMIX.png,G-CHV-CAV-01,.png,2039428,eec9342205b6d765fe01c13605735cd93db44067,1
G-CHV-CRA-01_REMIX.webp,G-CHV-CRA-01,.webp,93980,83c5cf485514366da017ee68104beff62f401d8f,1
G-CHV-ESQ-01_REMIX.webp,G-CHV-ESQ-01,.webp,76662,1954395249c52772d448a35758ad801a166e30c5,1
G-CHV-ESQ-02_REMIX.webp,G-CHV-ESQ-02,.webp,90164,10d05cd2d787b33d9aa9f3183391a381f3a16310,1
G-CHV-FAN-01_REMIX.webp,G-CHV-FAN-01,.webp,104496,ef05bccd9dd88fb93d8f30a39856a7c92b31e2b4,1
G-CHV-FAN-02_REMIX.webp,G-CHV-FAN-02,.webp,131582,ab9c5d142299720279538b59a08efafa3b206e84,1
G-CHV-FAN-03_REMIX.webp,G-CHV-FAN-03,.webp,110564,74555f7a0efb279aef799764ba961deb5269cf57,1
G-CHV-GAT-01_REMIX.png,G-CHV-GAT-01,.png,1813792,13246698606a465bc1bb574a93f753395cce0510,1
G-CHV-JJ-01_REMIX.webp,G-CHV-JJ-01,.webp,158950,a517ec395479a8a12a8cffe50125ebbad60ecdb2,1
G-CHV-JJ-01_REMIX_02.webp,G-CHV-JJ-01,.webp,253410,0f7797ebef2ad9f68c3c0f1dc46cb5cb09504433,2
G-CHV-JJ-01_REMIX_03.webp,G-CHV-JJ-01,.webp,191960,49776b92b9ca09489be5df9b6c0ae5a9f8ab9baa,3
G-CHV-LOB-01_REMIX.webp,G-CHV-LOB-01,.webp,166478,9a49b2dd9ee42ba9d965ab4310301adeedc801c9,1
G-CHV-MAO-01_REMIX.png,G-CHV-MAO-01,.png,1715392,4b6422a9b10a0b57c14105860d933da88e41bc0a,1
G-CHV-MAS-01_REMIX.png,G-CHV-MAS-01,.png,1994840,df67333c852449513b7094809e16e2acff80dfd2,1
G-CHV-MAS-02_REMIX.png,G-CHV-MAS-02,.png,1756537,61aa66ca62d9b7e6a923627be3632f8e8c7fac81,1
G-CHV-MED-01_REMIX.webp,G-CHV-MED-01,.webp,99190,98ddb9326a7961e1564d4656875ba16bebb41afc,1
G-CHV-MON-01_REMIX.png,G-CHV-MON-01,.png,2187272,c2a7555ebb44daa0ce708d72846a35da1ef98d68,1
G-CHV-MUM-01_REMIX.png,G-CHV-MUM-01,.png,1788364,14e0fc76593c9e694c9dbf5ff749c99bebfe18a6,1
G-CHV-MUM-02_REMIX.webp,G-CHV-MUM-02,.webp,124136,3fdafe6d12d79039f53138986369a29a2dc97cc7,1
G-CHV-PAL-01_REMIX.png,G-CHV-PAL-01,.png,1875564,98eed6f3d981aca92f6cfcf4d6425ad99ced4710,1
G-CHV-POL-01_REMIX.png,G-CHV-POL-01,.png,1807589,a0449e0313f4ec2c4dfeaef7d844748d2f7d5224,1
G-ORG-HS-01_REMIX.webp,G-ORG-HS-01,.webp,64366,6a71ee1b1c96d8649de2a13150dae6a5f1d21623,1
G-ORG-HS-01_REMIX_02.webp,G-ORG-HS-01,.webp,60164,cb559ca8c6bcb842a2aad82bad0d5fa5f4c782f8,2
G-ORG-HS-01_REMIX_03.webp,G-ORG-HS-01,.webp,64056,f713e0b4219b3bd1dfb16d3c48e4cf875c7fbe1e,3
G-ORG-RC-01_REMIX.webp,G-ORG-RC-01,.webp,100488,ac5f56f8b7abb677e43cdd0f94d78ea445afa215,1
G-VAS-ESC-01_REMIX.webp,G-VAS-ESC-01,.webp,141488,1ef2dd4ce10661d6f3c7a5b48a3d5aac580e3861,1
G-VAS-MIN-01_REMIX.webp,G-VAS-MIN-01,.webp,176010,a8feaf7cb0dfddf4a64896ba791b1073d8bc4610,1
S-HAL-DEC-01_REMIX.webp,S-HAL-DEC-01,.webp,199540,c732c6b7906f5c2bef06e6ef7ebd1d02949c8c0a,1
S-HAL-DEC-01_REMIX_02.webp,S-HAL-DEC-01,.webp,197052,5f8beae495c843c2098fba266590be75a22ff81a,2
S-HAL-DEC-01_REMIX_03.webp,S-HAL-DEC-01,.webp,213548,be3cee17d26dc92ed6613749018a1e0c34b95bcd,3
S-HAL-DEC-01_REMIX_04.webp,S-HAL-DEC-01,.webp,207462,27c226374079c627534a7edbc81da664117de1d0,4
S-NAT-PRE-01_REMIX.webp,S-NAT-PRE-01,.webp,173338,f3b23eddaf6808c3234085fdc78460e3fcdd57aa,1
S-NAT-PRE-01_REMIX_02.webp,S-NAT-PRE-01,.webp,241674,d2e97f1743055bb04bdbc222c91aad4e96bbf29f,2
S-NAT-PRE-01_REMIX_03.webp,S-NAT-PRE-01,.webp,156918,39034a38f45b9b302ba9f4a25254276e5d16f94a,3
